Year,Passive voice ,Active voice
1732,10,
1733,0,0
1734,7.272727273,2.727272727
1735,10,0
1736,0,0.01
1737,7.5,2.5
1738,0,0
1739,10,
1740,10,0
1741,8.333333333,1.666666667
1742,0,0
1743,10,
1744,0,
1745,10,
1746,0,
1747,,
1748,0,
1749,10,
1750,10,
1751,0,
1752,,
1753,,
1754,,
1755,,
1756,,
1757,,
1758,,
1759,,
1760,0,
1761,10,
1762,10,
1763,10,
1764,0,
1765,,
1766,,
1767,,
1768,,0
1769,,5
1770,,0
1771,0,0
1772,5,5
1773,10,0
